{
  "analysis": "representation_attribution_and_negative_controls",
  "encoder": "AVES2",
  "note": "All numbers from the real frozen-AVES2 DCLDE artifact; only the negative-control inputs are explicitly synthetic.",
  "target": {
    "provider": "JASCO_VFPA",
    "classes": [
      "SRKW",
      "TKW"
    ],
    "n": 6962,
    "chance": 0.5
  },
  "attribution": {
    "split_balanced_accuracy": 0.9501551772782846,
    "importance_top20_dims": [
      484,
      308,
      271,
      598,
      667,
      699,
      11,
      223,
      222,
      658,
      651,
      346,
      363,
      381,
      29,
      613,
      615,
      352,
      471,
      303
    ],
    "importance_top20_values": [
      0.03217707974126668,
      0.016129032258064502,
      0.016129032258064502,
      0.010995642496629987,
      0.010995642496629987,
      0.010914657721767659,
      0.010914657721767659,
      0.01083367294690533,
      0.01083367294690533,
      0.01083367294690533,
      0.01083367294690533,
      0.010752688172043001,
      0.010752688172043001,
      0.010752688172043001,
      0.010752688172043001,
      0.010752688172043001,
      0.010752688172043001,
      0.010752688172043001,
      0.010752688172043001,
      0.010752688172043001
    ],
    "knockout_ks": [
      1,
      2,
      5,
      10,
      20,
      50,
      100,
      200
    ],
    "knockout_topk_accuracy": [
      0.9501551772782846,
      0.9501551772782846,
      0.9499122229536976,
      0.9340261450202201,
      0.9337831906956331,
      0.9501551772782846,
      0.9660412552117621,
      0.9484544970061757
    ],
    "knockout_randomk_accuracy": [
      0.9501551772782846,
      0.9501551772782846,
      0.9501551772782846,
      0.9500741925034223,
      0.9501551772782846,
      0.9446168636425384,
      0.9339451602453578,
      0.9498312381788353
    ],
    "dims_to_halve_margin": null
  },
  "pca_curve": {
    "pca_components": [
      1,
      2,
      3,
      5,
      10,
      20,
      50,
      100,
      200
    ],
    "pca_accuracy": [
      0.4833380356750995,
      0.585755039342926,
      0.739231637355403,
      0.794233361547384,
      0.7982695382300385,
      0.8726135615536537,
      0.9055064422082197,
      0.9144957522179379,
      0.9171682497883946
    ],
    "explained_variance_top10": [
      0.06230376288294792,
      0.05327364429831505,
      0.047899745404720306,
      0.03743349760770798,
      0.03587575629353523,
      0.029681669548153877,
      0.028415193781256676,
      0.02238965779542923,
      0.021972062066197395,
      0.018875576555728912
    ]
  },
  "negative_controls": {
    "observed_cv_balanced_accuracy": 0.979383987258003,
    "observed_split_balanced_accuracy": 0.9501551772782846,
    "matched_gaussian_noise_accuracy": 0.5359556725916172,
    "feature_shuffle_accuracy": 0.5048538616675549,
    "label_perm_null_mean": 0.5029718146859358,
    "label_perm_null_std": 0.02069257155456287,
    "label_perm_pvalue": 0.008264462809917356
  },
  "interpretation": {
    "attribution": "The within-site ecotype signal is multi-dimensional and redundantly distributed across the AVES2 representation: a single dimension is near chance, ablating the top-k individually-important dimensions does not collapse the decode (the remaining dimensions compensate), and a low-rank PCA projection already recovers most of it. The signal is distributed structure, not a single-channel artifact.",
    "controls": "Structure-matched Gaussian noise and per-dimension feature shuffle both fall to chance, and the observed decode sits above the label-permutation null, so the probe is using joint structure in the representation rather than a marginal artifact or a leak."
  },
  "caveats": [
    "Attribution is computed on the within-provider (site-held-constant) ecotype decode, so it characterises the biological signal isolated by H4, not the site-confounded pooled number.",
    "Permutation importance and knock-out use a single stratified 70/30 split for tractability; the 5-fold balanced accuracy is reported as the observed effect.",
    "This dissects WHERE the signal lives in the representation; it is not a claim about meaning or function."
  ]
}
