{
  "rung": 4,
  "analysis": "validated_calltype_first_order_structure",
  "label_source": "DCLDE per-provider annotations (call_type)",
  "n_perm": 1000,
  "min_type_count": 10,
  "subsets": [
    {
      "label": "NRKW N-calls @ dfo_crp",
      "status": "completed",
      "k_call_types": 31,
      "call_types": [
        "N01",
        "N01ii",
        "N01iv",
        "N03",
        "N04",
        "N05",
        "N05i",
        "N05ii",
        "N07iii",
        "N09",
        "N09iii",
        "N11",
        "N16",
        "N18",
        "N20",
        "N23i",
        "N23ii",
        "N24i",
        "N24ii",
        "N25",
        "N25/N29",
        "N28",
        "N29",
        "N32i",
        "N32ii",
        "N33",
        "N40",
        "N41",
        "N44",
        "N45",
        "N48"
      ],
      "n_calls": 5273,
      "n_recordings": 142,
      "n_adjacent_pairs": 5057,
      "adjacent_mi_bits": 2.8479397661934955,
      "self_transition_rate": 0.9151670951156813,
      "off_diagonal_mi_bits": 1.6048002199372542,
      "shuffled_mi_mean_bits": 1.7104641759102965,
      "shuffled_mi_std_bits": 0.011486575956036265,
      "mi_permutation_pvalue": 0.000999000999000999,
      "heldout_bigram_ce_bits": 0.9310623661635471,
      "heldout_unigram_ce_bits": 3.6622950509760432,
      "predictive_gain_bits_per_token": 2.731232684812496,
      "heldout_pairs": 942,
      "sequential_structure": true
    },
    {
      "label": "SRKW S-calls @ vfpa",
      "status": "completed",
      "k_call_types": 19,
      "call_types": [
        "S01",
        "S01 & S01",
        "S02i",
        "S02iii",
        "S03",
        "S04",
        "S05",
        "S10",
        "S12",
        "S16",
        "S16/17",
        "S16/S17",
        "S17",
        "S18",
        "S19",
        "S36",
        "S37i",
        "S42",
        "S44"
      ],
      "n_calls": 1553,
      "n_recordings": 28,
      "n_adjacent_pairs": 1523,
      "adjacent_mi_bits": 1.287272832402501,
      "self_transition_rate": 0.5200262639527249,
      "off_diagonal_mi_bits": 0.9786247517944555,
      "shuffled_mi_mean_bits": 0.7785595412823515,
      "shuffled_mi_std_bits": 0.021311849904372362,
      "mi_permutation_pvalue": 0.000999000999000999,
      "heldout_bigram_ce_bits": 3.201052466125503,
      "heldout_unigram_ce_bits": 3.5070943336155675,
      "predictive_gain_bits_per_token": 0.3060418674900647,
      "heldout_pairs": 239,
      "sequential_structure": true
    }
  ],
  "figure": "figures/calltype_sequence.png",
  "caveat": "Sequential structure over VALIDATED catalogue call types is the production-side prerequisite for combinatorial coding, NOT evidence of meaning. Within-recording order-shuffle null holds call composition fixed; provider held constant holds recording site fixed."
}