{
  "encoder": "aves2_full_labeled",
  "note": "DCLDE-only; all numbers from real DCLDE embeddings",
  "site_decoding": {
    "provider_balanced_accuracy": 0.9479215346068879,
    "n_providers": 8,
    "chance": 0.125
  },
  "within_site": {
    "JASCO_VFPA": {
      "classes": [
        "SRKW",
        "TKW"
      ],
      "n": 6962,
      "balanced_accuracy": 0.8887669089440743,
      "chance": 0.5,
      "pvalue": 0.004975124378109453
    },
    "JASCO_VFPA_ONC": {
      "classes": [
        "SRKW",
        "TKW"
      ],
      "n": 1511,
      "balanced_accuracy": 0.9726026741245881,
      "chance": 0.5,
      "pvalue": 0.004975124378109453
    },
    "ONC": {
      "classes": [
        "OKW",
        "SRKW",
        "TKW"
      ],
      "n": 803,
      "balanced_accuracy": 0.9488633241758242,
      "chance": 0.3333333333333333,
      "pvalue": 0.004975124378109453
    },
    "SIO": {
      "classes": [
        "OKW",
        "SRKW",
        "TKW"
      ],
      "n": 2637,
      "balanced_accuracy": 0.9087902334106577,
      "chance": 0.3333333333333333,
      "pvalue": 0.004975124378109453
    },
    "UAF_NGOS": {
      "classes": [
        "OKW",
        "SAR",
        "TKW"
      ],
      "n": 10113,
      "balanced_accuracy": 0.9686123181363504,
      "chance": 0.3333333333333333,
      "pvalue": 0.004975124378109453
    }
  },
  "cross_site_transfer": {
    "pair": [
      "OKW",
      "SRKW"
    ],
    "chance": 0.5,
    "mean_transfer_balanced_accuracy": 0.5292344754489027,
    "per_test_provider": {
      "ONC": {
        "balanced_accuracy": 0.5411778846153846,
        "n_test": 453,
        "n_train": 8000
      },
      "SIO": {
        "balanced_accuracy": 0.5172910662824207,
        "n_test": 430,
        "n_train": 8000
      }
    }
  },
  "providers_with_biological_signal": [
    "JASCO_VFPA",
    "JASCO_VFPA_ONC",
    "ONC",
    "SIO",
    "UAF_NGOS"
  ],
  "figure": "figures/h4_confound_aves2_full_labeled.png"
}